variable_name,variable_value,B,aggregated_change
age,45.0,0,4.042698005920124
creatinine_phosphokinase,981.0,0,2.2373445154071847
ejection_fraction,30.0,0,13.360020165602068
platelets,136000.0,0,7.12461905645215
serum_creatinine,1.1,0,1.7080415493611905
serum_sodium,137.0,0,0.9839476507324417
sex,1.0,0,1.4139506711959542
smoking,0.0,0,1.2486561771442106
